pageID,Name
page1,CostSavingsPhaseinSchedule?load
page2,BA MS Summary
page3,Production Cost Detail
page4,BVM SNLxl Template
page5,TV Market Overview
page6,Pipeline Recent News
page7,Filmed Entertainment Page File
page8,M&A Deal Map
page9,Banks in Organization
page10,Energy Markets Summary
page11,R&P Metrics - Project R&R Details page
page12,Natural Gas Storage
page13,Universal Search Results
page14,M&A Entity Financials
page15,Capital Structure
page16,Forward Gas
page17,Network Change
page18,U.S. Life Business Overview
page19,Companies and Assets
page20,Underwriter Detail Report
page21,Top Industry Auditors
page22,Documents Home Page
page23,MergersDataProvider?hhi_analysis
page24,Company Flyout
page25,Capacity Release by Releasing Shipper
page26,Subscribers by Market
page27,Wireless Industry Benchmarks
page28,DealFilterCriteria?min_market_premium
page29,De Novo Statistics
page30,Select-A-Page Search
page31,Excel View
page32,Insider Activity
page33,Maps - Layer Styles - Apply
page34,SNL Bidweek Index
page35,Profile Page
page36,Media and Communications TV Networks
page37,Investment Advisory Details
page38,Canned Report View Definition
page39,UserCompanySearch
page40,TV Network Summary
page41,Film Revenue Model
page42,Maps - Export - PDF
page43,Rates Console
page44,System Loads
page45,Corporate Profile
page46,BAMSDemoDetail
page47,SNL Power Forecast: Guidance
page48,Headend by Geography
page49,Features & Blogs
page50,Rate Case News
page51,Compensation
page52,Recent Deals
page53,DetailedResults?summary_of_considerations
page54,Non Interest Income
page55,P&C Peer Underwriting
page56,Recent News
page57,Broadcast TV Summary
page58,Financial Highlights and Ratio Analysis
page59,DTT Market Summary
page60,Industry Credit Ratings
page61,U.S. P&C Business Overview
page62,Regional News
page63,Commodity Watchlist
page64,Source Tagging Info
page65,MISO Capacity Markets
page66,Energy Contracts
page67,Power Plant Briefing Book Search
page68,Mapping Silo
page69,Mapping Silo Export
page70,Maps - Export - PNG 32
page71,Property Browser
page72,Recent M&A Activity
page73,Industry Benchmarks
page74,Environmental Projects
page75,Editors' Picks
page76,Dominant Channel Number
page77,Ratio Dissection (MNA)
page78,DetailedResults?capital_ratios
page79,Generation Chart
page80,Events Search
page81,Template Browser
page82,BA MS Detail
page83,Global Multichannel Market Briefing Book Search
page84,PDF View
page85,Power Plant Map
page86,M&A Deal Overview
page87,Report Builder - Report Complete
page88,Article Abstract
page89,BA Branch Navigator
page90,DetailedResults?irr
page91,Package Subscribers by Network
page92,Online Newsletters Page
page93,M&A History
page94,Maps - Data Grid - Export to Excel
page95,PCA Historical Values
page96,All Links
page97,Mine Capacity & Costs
page98,Day Ahead Prices
page99,Geology
page100,TV Networks
page101,Top Radio Station Owners
page102,Source Tagging Info (MNA)
page103,NewsWire Popup
page104,ISO New England Capacity Markets
page105,Metals & Mining Project Documents
page106,Mortgage Loan Summary
page107,MergerAssumptionsManager?specific
page108,Documents
page109,SNL Market Movers
page110,Flush Current User Cached Context
page111,Article
page112,Financial Product Rates
page113,SNL Coal Forecast Summary
page114,Event Calendar
page115,Publication Details
page116,Pipeline Summary
page117,New User Signup: Step 3
page118,Market Overlap Report
page119,Maps - Map App - Data Grid
page120,Aggregated Production
page121,Real Time
page122,Video Release Report
page123,SubdebtSchedule?load
page124,Power Plant Summary
page125,Markets And Deals
page126,P&C Peer Highlights
page127,CopyWorkbookFromUserLibrary
page128,Regulatory News
page129,CRE Related Properties
page130,Demographics Detail
page131,Updated Company Financials
page132,Power Plants
page133,News: Most Popular
page134,M&A News
page135,Weekly U. S. Coal Production By Region
page136,MergersDataProvider?active_ws_content
page137,Top Wireless Markets
page138,MergerAnalysisWorksheetMgr?cp_base_company_palette
page139,Issues In Focus
page140,Metals & Mining Project News
page141,Detailed Rates Report
page142,MyInteractive - Top News
page143,Sovereign Exposure
page144,RSS Info Page
page145,Weekly U. S. Coal Production By Region Graph
page146,Industry Offerings
page147,SNL Insurance Covered Companies
page148,Active Late-Stage projects
page149,MergerAssumptionsManager?global
page150,Retail Electric Sales by State
page151,SNL Power Forecast Summary
page152,Income Statement
page153,SummaryOfConsiderations?capacity_to_pay
page154,TV Stations by Market and Affiliation
page155,Rates & Yields
page156,Gas Projects Profile
page157,Peer Analytics Report
page158,Research
page159,PP Fuel Contract Detail
page160,Maps - Export - Legend
page161,Generation Supply Curve
page162,Claims Statistics
page163,Social Media Alerts
page164,BA MO Data Report
page165,Credit Risk Exposure
page166,Field Chart Created
page167,BA MS Data Report
page168,Docs Search
page169,Recent Private Equity Investments
page170,Media and Communications Internet
page171,Plant Fuels
page172,Wireless & Wireline Page File
page173,Mine General Comments
page174,GAAP Perspective
page175,Mapping silo business analyst export
page176,Maps - Radial Analysis - Run Analysis
page177,Peer Group Management
page178,SNLCompanySearchResults?sort
page179,Branch Competitors Report
page180,Events Calendar
page181,Media and Communications Broadcasting
page182,Exchange Rates
page183,Network Economics
page184,iCalendar
page185,Investor Presentations
page186,Country Risk
page187,SummaryOfConsiderations?deal_statistics
page188,Wireless & Wireline Page Detail
page189,Global Multichannel Forecast Table
page190,Power Plant Operation Summary
page191,System Ownership Map
page192,Professionals
page193,Generic RSS Feed
page194,Video Subscribers
page195,Private Equity Transactions
page196,European Branch List
page197,Energy Contracts
page198,BA Market Overlap
page199,M&A Summary
page200,DetailedResults?deal_value_calculation
page201,DetailedResults?balance_sheet_reconciliation
page202,Data Center - Price Graph
page203,PP News
page204,Client Request Form
page205,Media and Communications Wireless & Wireline
page206,Corporate Profile
page207,Capacity Release by Pipeline
page208,Peer Chart Company Added As Comparison
page209,Rates & Yields Page
page210,RRA Rate Statistics
page211,MyInteractive - RRA Research Notes
page212,CRE Property Profile
page213,Insurance Stat Canned Report
page214,M&A Documents
page215,Commodity Top Producing Mines
page216,Comparable Deal Analysis
page217,Consensus  Details
page218,Capital Offerings
page219,SNL Research Library
page220,Select Services
page221,"Cable TV, DBS, and Telco Video Page Detail"
page222,Peer Group Edit (Execute Advanced Search)
page223,DetailedResults?contribution_analysis
page224,MyInteractive - Features
page225,BA Print View
page226,ResultsCapitalRatios?reset
page227,Deposit Market Share Summary
page228,Credit Ratings Subsidiaries
page229,Piracy Summary
page230,Fossil Fuel
page231,SNL Publications Search
page232,Nuclear Status and Outage Report
page233,Project List
page234,Analyst Coverage News
page235,Multichannel Subscribers by Market
page236,Company Demographics
page237,Vendor In Use
page238,Maps - Layers - Remove
page239,Package Composition
page240,Operator Comparison By Market
page241,Contract Expiration
page242,Credit Ratings
page243,BVM Check Acquisition Model Checkbox
page244,Non Interest Expense
page245,RR SNL Finance: Client Entitlement Matrix
page246,Power Market BriefingBooks
page247,TV Network Briefing Book Search
page248,Project Details
page249,Corporate Compensation
page250,Operator Subscriber Growth By Market
page251,MergersDataProvider?detail_results
page252,SNL Covered Banks Headquartered in Focused Country
page253,U.S. Insurance Product Filings
page254,Power Plant Historic & Future Capacity
page255,RRA Event Calendar
page256,Emissions Data Graph
page257,Branch Proximity Report
page258,Internet Media Page File
page259,Demographic and Income Profile 3
page260,ViewResults
page261,TV Network Page File
page262,Capacity Auction Summary
page263,CompanyData?view_income_statement_history
page264,Industry Analysis
page265,Capital
page266,Custom Report Builder - Options Selection
page267,Demographic Profile
page268,Maps - Data Grid - Sort
page269,Stock Chart
page270,Index Financial
page271,Estimates Summary
page272,Maps - Radial Analysis - Generate Report
page273,Articles Library
page274,Email Validation
page275,Recent RRA Reports
page276,Custom Report Builder - Preview Reports
page277,Energy Commodity Prices
page278,Depository Top Rates
page279,Mine Subcontractors
page280,TARP Participants
page281,Community Banker: Deposits and Other Liabilities
page282,Multichannel System Ownership List
page283,Mine Profile
page284,Data Center - Home
page285,CRE Owners And Tenants
page286,Rate Case Profile
page287,Maps - Export - JPEG
page288,Stock Chart
page289,Network Carriage
page290,Custom Report Builder - Report Selection
page291,Broadband Market Summary
page292,Top Cable MSOs
page293,Briefing Book Search
page294,SaveMergerReportSelections
page295,MergerAnalysisWorksheetMgr?delete_deal
page296,Maps - Data Grid - Selection
page297,Capital OfferingBriefing Book Search
page298,CompanyDataManager?update
page299,Data Center - Index Values
page300,Transmission Line Profile
page301,Global Multichannel Comparison
page302,Summary
page303,Rate Specials
page304,Detailed Transmission Projects
page305,DTH Market Summary
page306,Article Search Results
page307,CompanyDataManager?reset
page308,Top News
page309,Credit Default Swap Chart
page310,Economy In Perspective
page311,Pipeline Contract Summary
page312,Trend Report Created
page313,Pipeline Contract Details
page314,Multimedia Technology Page File
page315,Power Project Detail
page316,New User Signup: Step 4
page317,Envrironmental Power Projects
page318,Global Multichannel Market Profile
page319,SubdebtSchedule?reset
page320,HistoricalDealClosing?historical
page321,Officers
page322,Coverage Information Details
page323,AddWorkbook
page324,M&A League Tables
page325,IP-Video Market Summary
page326,NIM â€“ Yield/ Cost and Volume Analysis
page327,Load Curve
page328,Mortgage Loan Summary
page329,Commodity Profile
page330,Net Interest Margin
page331,MNA History
page332,Institutional Ownership
page333,Property Map Briefing Book
page334,Maps - Save Map
page335,BA MO Map
page336,SNL News
page337,Pipeline Zone Summary
page338,SNL Coal Forecast: Supply
page339,GetWorkspace
page340,U.S. Multiscreen Page Detail
page341,Maps - Search - Asset
page342,Portfolio Stocks Summary
page343,Day Ahead
page344,Mortgage Market Share
page345,Change Logs
page346,Regional Summary Statistics
page347,Market Share
page348,MergersDataProvider?deal_accretion_summary
page349,Settings Summary
page350,DetailedResults?income_statement_reconciliation_2
page351,Top Common Equity Bookrunners
page352,Package Subscribers by Operator
page353,SNL Coal Forecast: Demand
page354,TARP Warrants
page355,Wizard - EmailAlerts
page356,Component Companies Page
page357,U.S. Markets Summary
page358,Mapping Silo Datagrid
page359,Commodities Intermediate Page
page360,SNL Kagan Features
page361,Pending and Decided Rate Cases (LTM)
page362,Transmission Projects Recent Updates
page363,Tenant Exposure
page364,Financial & Operational Forecast
page365,RRA Report Search
page366,Business Profile
page367,Bank Offerings
page368,Economic & Demographic Data
page369,Depository Rates by Region
page370,Unit Monthly Operations
page371,Report Pop-Up Chart
page372,Peer Chart Company Added to Group
page373,Departments
page374,Coal Mine Map
page375,Network Profile
page376,Industry Country News
page377,CompanyDataManager?load
page378,IFRS  Segment Analysis
page379,File Uploads
page380,M&A Graph
page381,Private Equity Investments
page382,PA Report Fields Changed
page383,Mortgage Market Share Summary
page384,TV Station Financials
page385,Chart Wizard Opened
page386,SNL Publications
page387,Peer Chart Edit Data
page388,Export Map to PDF
page389,IP Authentication Article
page390,Industry Benchmarks Report
page391,Maps - Search - Company
page392,Market Performance
page393,SNLCompanySearch
page394,TV Station Owners in Market
page395,Energy Regulatory Filings
page396,ActivateWorksheet
page397,PA HTML Printing
page398,Radio Station Profile
page399,Load And Energy Forecasts
page400,Error
page401,SNLxl Download Area
page402,BAMSDemographics
page403,Hourly Load Data
page404,U.S. Government Program Participation
page405,BA BL Map
page406,Industry Stats
page407,MNA Deal Briefing Book Search
page408,Industry Financial Data
page409,Energy Markets Gas Summary
page410,Depository Rates by Region
page411,Registration
page412,Maps - Screener - Export
page413,TV Market Briefing Book Search
page414,Financial Performance
page415,RRA Landing Page
page416,Industry Enforcement Actions
page417,Mining Commodity: Metal & Mining Projects
page418,Unit Emissions Controls
page419,Demographics Data
page420,Mobile TV Summary
page421,Audit Fees
page422,Global Multichannel Comparison Table
page423,Media Census Home
page424,Upcoming Events in Utility Cases
page425,Index Financials
page426,Power Plant Summary
page427,MergerAnalysisWorksheetMgr?cp_intra_ws_partner
page428,Calendar Detail
page429,Geographies
page430,Password
page431,Private Equity Industry Overview
page432,BA MO Summary
page433,Advertising Page Detail
page434,Industry State Aggregates
page435,US Multichannel Market Subscriber Summary
page436,Economy and Multichannel Affordability
page437,Shipper Contract Details
page438,Cached File
page439,Table Export Viewer
page440,Estimated Financial Highlights
page441,Deal Branch List
page442,TV Network Industry Benchmarks
page443,Operational Capacity
page444,Segment Analysis
page445,SNL Mine Economics
page446,DetailedResults?individual_deal_summary
page447,DetailedResults?income_statement_reconciliation_3
page448,Fixed Wireless Summary
page449,RRA Commission Profiles
page450,Peer Chart Edit Series
page451,SNLCompanySearchResults?details
page452,Forward Power
page453,PA Run Analysis
page454,Quick Lookup
page455,Unemployment Detail
page456,Thematics
page457,Maps - Maps - Add Layers - Standard
page458,Environmental Projects Detail
page459,PJM Capacity Markets
page460,Reserves and Resources
page461,SynergiesSchedule?edit
page462,InitWorkspace
page463,Broadcast Industry Benchmarks
page464,Feedback
page465,Mapping Silo Infotool
page466,Depository Rates
page467,"Cable TV, DBS, and Telco Video Page File"
page468,Mine Work History
page469,MyInteractive - Issues in Focus
page470,Rates & Yields
page471,Updated U.S. Bank Reg Financials
page472,ResultsSensitivityAnalysis?reset
page473,Maps - Data Grid - Filter
page474,Financial Reports
page475,Media and Communications Global Multichannel
page476,NYISO Capacity Markets
page477,Peer Export to PDF
page478,Capacity & Generation Summary
page479,Custom Report Builder - Generation Confirmation
page480,Private Equity Investors
page481,Asset Quality by Loan Type (part 1)
page482,Power Plant Summary Details
page483,Peer Group Edit (Advanced Search Popup)
page484,Summary Demographic Data Map
page485,Market Commentary
page486,SNL Power Forecast: Price
page487,SubdebtSchedule?calculate
page488,Coal Mines Owned
page489,Maps - Drive Time - Run Analysis
page490,Private Equity Investment
page491,BVM Run Analysis
page492,Events: Industry Conferences
page493,Pipelines Owned
page494,Discoveries & Milestones
page495,Spot Gas
page496,MergerReportSelections
page497,Events: Company Meetings
page498,Failed Banks & Thrifts
page499,ImputedValuationRatios
page500,Plant Emissions and Byproducts
page501,Load And Energy Forecasts Tabular
page502,MergerDealSortingManager
page503,Related Licenses
page504,Country Currency Exchange Rates
page505,OTC Survey
page506,Internet Media Page Detail
page507,Peer Chart HTML Printing
page508,Performance Tree Opened
page509,Peer Group Editing
page510,Maps - BB Map CRE
page511,Top M&A Financial Advisers
page512,Pipeline Point Summary
page513,Multiple Commissions
page514,PP Load Curve
page515,Credit Default Swaps Curve
page516,Branch Proximity Detail Report
page517,Energy Contracts
page518,Events: Conference Calls
page519,Economic Data
page520,Ratio Dissection
page521,API Security
page522,U.S. Multichannel System Ownership
page523,Transmission Projects
page524,Portfolio Summary
page525,Global Multichannel Markets
page526,NewsLetters Search Results
page527,Unemployment Data
page528,SNL Coal Forecast Guidance
page529,Capital Issues Detail
page530,Peer Chart Builder
page531,Operational Capacity by Power Plant
page532,Mine Documents
page533,Mortgage Summary
page534,Ownership
page535,DetailedResults?sensitivity_analysis
page536,Audit Fee League Tables
page537,Cable Market Summary
page538,Market Scatter Chart
page539,BA HHI Map
page540,Metals & Mining Map
page541,RRA Rate Case History
page542,Officers Bio
page543,Community Banker: Loans and Assets
page544,My Market Indexes
page545,Analyst Detail
page546,Briefing Book Plant Map
page547,Coal Mine Briefing Book Search
page548,Power Projects Recent Updates
page549,Maps - BB Map CRE Info Tool
page550,Global Multichannel Rankings
page551,Add to Library Popup
page552,Gas Projects in Development
page553,Select Period
page554,Briefing Book Station List
page555,Coverage Information
page556,BranchLocations
page557,Maps - Map App - Layer Styles
page558,Institutional Ownership Detail
page559,Rate Case Reports
page560,ImputedValuation?comparable_deals
page561,Deposit Summary
page562,GetUserInfo
page563,Historic and Future Capacity
page564,Power Plants Served
page565,U.S. Government Bailout Coverage
page566,M&A Statistics
page567,Network News
page568,NAV Estimates
page569,SynergiesSchedule?load
page570,Home Page
page571,PP Load Curve Values
page572,As Reported Report
page573,De Novo Banks & Thrifts
page574,Knowledge Base
page575,OTT Service Providers & Devices
page576,DetailedResults?income_statement_reconciliation_4
page577,Country Risk Summary
page578,Country Profile
page579,RRA Report Search Result
page580,Document Detail
page581,Shipper Contract Summary
page582,News Archive Page
page583,BA MS Map
page584,DealCompsSelections
page585,SummaryOfConsiderations?financial_impact
page586,Top TV Station Owners
page587,PP Units
page588,ResultsCapitalRatios?edit
page589,Knowledge Base
page590,PA Company Added Or Deleted
page591,Corporate Structure
page592,Wireless License Demographics
page593,Advertising Page File
page594,Retail Gas Sales by State
page595,Physical Survey
page596,Global Multichannel Operator Analysis
page597,Energy Markets Coal Summary
page598,Committee Membership
page599,DetailedResults?income_statement_reconciliation_1
page600,Cable MSO Industry Benchmarks
page601,U.S. Multichannel Industry Benchmarks
page602,Attributable Reserves & Resources
page603,Property Transactions
page604,Project Annual Production
page605,Forward Coal
page606,Gas Projects
page607,Package Network by Headend
page608,Insider Activity Detail
page609,Dashboard:European Significant Credit Institutions
page610,Rate Case Briefing Book Search
page611,CEMS Unit Graph
page612,Rate Cases
page613,Branch Competitors & Pricing Report
page614,Power Plant by Type
page615,Maps - Drive Time - Generate Report
page616,Recent News
page617,Press Releases
page618,Select-A-Page
page619,Global Bank Branch Map
page620,MergerAnalysisWorksheetMgr?cp_company_palette
page621,UpdateWorkbook
page622,Mine News
page623,Reactor Power Level
page624,Present and Future of Multichannel Market
page625,Transmission Projects
page626,Maps - Info Tool
page627,Community Banker: Asset Quality
page628,ResultsSensitivityAnalysis?edit
page629,Articles Search
page630,Market Overlap Report: Comparison Company Search
page631,Mine Production Detail
page632,Enforcement Actions
page633,Knowledge Base
page634,Maps - Open Saved Map
page635,Events: Earnings Releases
page636,Securities Pipeline
page637,Property Ownership Structure
page638,News
page639,Global Multichannel Ranking Table
page640,Media and Communications US Multichannel
page641,Institutional Ownership Peer Comparison
page642,Maps - BB Map CRE Street View
page643,Statistics View of New Banks
page644,TV Advertising Summary
page645,Briefing Book Wireless License List
page646,Package Subscribers by Operator by County
page647,BA Company Search
page648,Features
page649,Daily Nuclear
page650,NewsWire
page651,Maps - All instances of Street View in infotool
page652,Offering Documents
page653,Reserves/Resources & Production Chart
page654,Latest Filings
page655,Top Tenants
page656,Broadcasting Page File
page657,Maps - Demographics Tool
page658,BVM Change Report Value
page659,Operational Capacity by Point
page660,BAMSEditReport
page661,TV Station Profile
page662,Regulatory Highlights
page663,Operational Capacity by Point
page664,Monthly Generation
page665,Wireless License Profile
page666,HDTV Summary
page667,Mapping silo radial Analysis
page668,Top Markets
page669,U.S. Multiscreen Page File
page670,Property Transactions
page671,Rate Case Documents
page672,Channel Lineups by Headend
page673,Broadcasting Page Detail
page674,Offerings League Table Report
page675,DetailedResults?projected_income_statement
page676,Redirector
page677,Debt Maturity Profile
page678,BA Transaction
page679,Capacity & Generation Summary
page680,SubdebtSchedule?apply
page681,Weekly U. S. Coal Production By Region Historical
page682,BVM Launch Application
page683,Knowledge Base
page684,Transcripts
page685,Offerings League Tables
page686,Deposit Summary Detail
page687,PowerPlants Perspective
page688,RRA Commission Details
page689,Radio Stations by Market and Format
page690,"Mine Location, Map & Claims"
page691,Custom Page
page692,Power Plant Profile
page693,Currency Exchange Rates
page694,Dividends
page695,All Video by DMA
page696,SNL Coal Forecast: Price
page697,Issues In Focus
page698,Peer Group Edit (TypeAhead)
page699,Maps - BB Map Branch
page700,Industry Financials In Perspective
page701,Gas Projects Recent Updates
page702,Knowledge Base
page703,Maps - BB Map Link Through
page704,Power Projects
page705,Message
page706,Financial Institutions Portfolio Monitoring
page707,BA Market Share
page708,TV Station Transaction History
page709,Capacity Release by Replacement Shipper
page710,RRA Articles
page711,Community Banker: Capital Management
page712,Offering Overview
page713,CEMS Unit Values
page714,CostSavingsPhaseinSchedule?edit
page715,Peer Export to SNLxl
page716,Interest Rate Risk
page717,Commodity Chart
page718,Institutional Holdings
page719,SNL Power Forecast: Supply/Demand
page720,ImputedValuation?imputed_value
page721,US Depository Rates
page722,Annual Unit Emissions
page723,Login
page724,Mine Project Profile
page725,PP Docs
page726,Industry News
page727,TV Networks Page Detail
page728,Licensed Area Detail
page729,Article
page730,Market Share
page731,Commodity Chart
page732,ImputedValuation
page733,M&A US Market Share
page734,ViewResults?sort
page735,Metals & Mining Property Briefing Book Search
page736,Peer Analytics
page737,Market List
page738,Peer Export to XLS
page739,Ranking Report
page740,Portfolio Valuation (Summary)
page741,File
